{
  "train_loss": [
    0.7880610548891127,
    0.7544323049951345,
    0.7466698531061411,
    0.7409580827225,
    0.7359614637680352,
    0.7332343269372359,
    0.7326246874872595,
    0.7266744242515415,
    0.7290787644451484,
    0.7249517664313316,
    0.7241277864668518,
    0.7130613044137135,
    0.7148814607644454,
    0.7122075189836323
  ],
  "val_loss": [
    0.8048512041568756,
    0.8098738729953766,
    0.8179428040981293,
    0.8083615461985271,
    0.8096723635991414,
    0.819757878780365,
    0.8168800632158916,
    0.8088861346244812,
    0.798546568552653,
    0.809820415576299,
    0.8132194936275482,
    0.8109334886074067,
    0.8090786755084991,
    0.8132827440897624
  ],
  "val_f1": [
    0.6514579108534296,
    0.6570411211146354,
    0.6647437347848355,
    0.6628140774936839,
    0.6558460087597828,
    0.654031868990887,
    0.668057696057724,
    0.652338169178272,
    0.6531393199612107,
    0.6383397082523455,
    0.6411840811902447,
    0.6498626636821268,
    0.6510722894449543,
    0.6407045059792679
  ],
  "val_acc": [
    0.6445750935328701,
    0.649919828968466,
    0.6638161411010155,
    0.6584714056654195,
    0.6477819347942276,
    0.6435061464457509,
    0.6686264029930519,
    0.6429716729021914,
    0.6451095670764297,
    0.6242650988776055,
    0.6312132549438803,
    0.6419027258150721,
    0.6424371993586317,
    0.6280064136825227
  ],
  "gate_weights": []
}