{
  "text": {
    "f1_weighted": 0.651629020236617,
    "f1_macro": 0.6151014438177419,
    "accuracy": 0.6580811332904056
  },
  "audio": {
    "f1_weighted": 0.3812218471694752,
    "f1_macro": 0.3336608977071182,
    "accuracy": 0.4131787937325606
  },
  "video": {
    "f1_weighted": 0.4619406618093739,
    "f1_macro": 0.4106134043293888,
    "accuracy": 0.4818630607426486
  }
}