{
  "train_loss": [
    1.105790866073221,
    1.0962989176623523,
    1.094340902287513,
    1.0923106712289155,
    1.0944012375548482,
    1.0921986596658826,
    1.0930333323776722
  ],
  "val_loss": [
    1.090446941057841,
    1.0941989382108053,
    1.0906147321065267,
    1.093046816190084,
    1.0946060180664063,
    1.0937668283780415,
    1.0907289505004882
  ],
  "val_f1": [
    0.37826258026575194,
    0.4014144057929473,
    0.3643317715247704,
    0.30614274924941187,
    0.3783235014325992,
    0.3895874630561548,
    0.37881240481214945
  ],
  "val_acc": [
    0.4633885622661678,
    0.4318546231961518,
    0.41849278460716194,
    0.35275253874933193,
    0.44414751469802244,
    0.4051309460181721,
    0.44468198824158206
  ]
}