{
  "train_loss": [
    0.8721272849943489,
    0.8066286435350776,
    0.7849819359835237,
    0.7608559355139732,
    0.743460133089684,
    0.7006854348583147,
    0.6751355194719508
  ],
  "val_loss": [
    0.8334663728872935,
    0.8599386632442474,
    0.815813438097636,
    0.8672791759173075,
    0.819836308558782,
    0.8322302510341009,
    0.8311425745487213
  ],
  "val_f1": [
    0.6387103106282949,
    0.6635181800834107,
    0.6387371633674616,
    0.6415543270486327,
    0.6379201833661544,
    0.6421627788983524,
    0.6500135036825399
  ],
  "val_acc": [
    0.6274719401389631,
    0.6675574559059326,
    0.6290753607696419,
    0.6365579903794762,
    0.6301443078567611,
    0.6370924639230358,
    0.6424371993586317
  ]
}