{
  "train_loss": [
    1.0969195540528744,
    1.071750045986846,
    1.0585259210783988,
    1.054755702149123,
    1.0433800329919904,
    1.0363909821026027
  ],
  "val_loss": [
    1.0908107062180836,
    1.084801228841146,
    1.1117419958114625,
    1.0911263048648834,
    1.1212107439835866,
    1.0846664329369864
  ],
  "val_f1": [
    0.4417136204306657,
    0.4412960270238845,
    0.3929942617201012,
    0.43242803586147727,
    0.37568315300917615,
    0.4329490496675373
  ],
  "val_acc": [
    0.4623196151790486,
    0.43559593800106894,
    0.4056654195617317,
    0.4222340994120791,
    0.37573490112239444,
    0.44414751469802244
  ]
}