{
  "train_loss": [
    0.780432466417551,
    0.7556794651318341,
    0.7510597424115986,
    0.7464599029626697,
    0.7444847268052399,
    0.7386549588991329,
    0.734117892687209,
    0.7313716354547068,
    0.7320378676522523,
    0.7248671114211902,
    0.7219327636994421,
    0.7196641651680693
  ],
  "val_loss": [
    0.8158397177855173,
    0.8129018763701121,
    0.8091086904207866,
    0.8008116364479065,
    0.8223116179307302,
    0.8058467864990234,
    0.8036356369654337,
    0.8105395714441935,
    0.82883979678154,
    0.8068302035331726,
    0.8043643256028493,
    0.8093448181947073
  ],
  "val_f1": [
    0.6209122712937959,
    0.6608832408317287,
    0.6172174018359933,
    0.6493588480754087,
    0.6622963781074324,
    0.6544984289380605,
    0.6536364104258903,
    0.6392777656681843,
    0.6596303276952254,
    0.6525484972860065,
    0.6484444071875838,
    0.6474106091986436
  ],
  "val_acc": [
    0.603955104222341,
    0.6584714056654195,
    0.6034206306787814,
    0.6413682522715125,
    0.6574024585783004,
    0.6477819347942276,
    0.6435061464457509,
    0.6306787814003206,
    0.6536611437733832,
    0.6445750935328701,
    0.6386958845537146,
    0.635489043292357
  ],
  "gate_weights": [
    [
      0.9962118864059448,
      0.0030403085984289646,
      0.0007479233318008482
    ],
    [
      0.9957411289215088,
      0.0031082150526344776,
      0.0011494670761749148
    ],
    [
      0.9929437637329102,
      0.005491089541465044,
      0.0015655448660254478
    ],
    [
      0.9993770122528076,
      0.0005064352881163359,
      0.00011699081369442865
    ],
    [
      0.9950157999992371,
      0.0038229431957006454,
      0.0011618802091106772
    ],
    [
      0.9932556748390198,
      0.0053339810110628605,
      0.00141079758759588
    ],
    [
      0.9978492259979248,
      0.001691369223408401,
      0.00045966290053911507
    ],
    [
      0.987479567527771,
      0.008960297331213951,
      0.0035603668075054884
    ],
    [
      0.9985525012016296,
      0.001099949236959219,
      0.00034651419264264405
    ],
    [
      0.9967553019523621,
      0.0024334785994142294,
      0.0008112150826491416
    ],
    [
      0.9915343523025513,
      0.005906383972615004,
      0.002557891421020031
    ],
    [
      0.9975904822349548,
      0.0017686814535409212,
      0.0006400544079951942
    ]
  ]
}